[ec2-user@ip-192-168-10-172 ~]$ clear
[ec2-user@ip-192-168-10-172 ~]$ mysql --host=udacityproject1.cbbfagplxjad.us-east-2.rds.amazonaws.com --user=admin --password=dbcangetin udacity
Reading table information for completion of table and column names
You can turn off this feature to get a quicker startup with -A

Welcome to the MariaDB monitor.  Commands end with ; or \g.
Your MySQL connection id is 13243
Server version: 8.0.23 Source distribution

Copyright (c) 2000, 2018, Oracle, MariaDB Corporation Ab and others.

Type 'help;' or '\h' for help. Type '\c' to clear the current input statement.

MySQL [udacity]> USE `udacity`;
Database changed
MySQL [udacity]> DROP TABLE IF EXISTS `musicians`;
CREATE TABLE musicians (
Query OK, 0 rows affected (0.07 sec)

MySQL [udacity]> CREATE TABLE musicians (
    ->     id int NOT NULL AUTO_INCREMENT,
    ->     first_name varchar(45),
    ->     last_name varchar(45),
    ->     email varchar(45),
    ->     password varchar(16),
    ->     PRIMARY KEY (`id`)
    -> ) ENGINE=InnoDB AUTO_INCREMENT=1 DEFAULT CHARSET=latin1;
INSERT INTO musicians VALUES (null, 'Louis', 'Armstrong', 'satchmo@jazz.com', null);
INSERT INTO musicians (id, first_name, last_name, email, password) VALUES (null, 'Bix', 'Beiderbeck', 'bix@jazz.com', null);
INSERT INTO musicians (id, first_name, last_name, email, password) VALUES (null, 'Bix', 'Beiderbeck', 'bix@jazz.com', null);
INSERT INTO musicians (id, first_name, last_name, email, password) VALUES (null, 'Gene', 'Krupa', 'drums@jazz.com', null);
INSERT INTO musicians (id, first_name, last_name, email, password) VALUES (null, 'Max', 'Roach', 'max@jazz.com', null);

Query OK, 0 rows affected (0.12 sec)

MySQL [udacity]> delete from musicians ;
Query OK, 0 rows affected (0.00 sec)

MySQL [udacity]> INSERT INTO musicians VALUES (null, 'Louis', 'Armstrong', 'satchmo@jazz.com', null);
Query OK, 1 row affected (0.01 sec)

MySQL [udacity]> INSERT INTO musicians (id, first_name, last_name, email, password) VALUES (null, 'Bix', 'Beiderbeck', 'bix@jazz.com', null);
Query OK, 1 row affected (0.01 sec)

MySQL [udacity]> INSERT INTO musicians (id, first_name, last_name, email, password) VALUES (null, 'Bix', 'Beiderbeck', 'bix@jazz.com', null);
Query OK, 1 row affected (0.01 sec)

MySQL [udacity]> INSERT INTO musicians (id, first_name, last_name, email, password) VALUES (null, 'Gene', 'Krupa', 'drums@jazz.com', null);
Query OK, 1 row affected (0.02 sec)

MySQL [udacity]> INSERT INTO musicians (id, first_name, last_name, email, password) VALUES (null, 'Max', 'Roach', 'max@jazz.com', null);
Query OK, 1 row affected (0.01 sec)

MySQL [udacity]> 
MySQL [udacity]> show tables
    -> ;
+-------------------+
| Tables_in_udacity |
+-------------------+
| musicians         |
+-------------------+
1 row in set (0.00 sec)

MySQL [udacity]> describe musicians;
+------------+-------------+------+-----+---------+----------------+
| Field      | Type        | Null | Key | Default | Extra          |
+------------+-------------+------+-----+---------+----------------+
| id         | int         | NO   | PRI | NULL    | auto_increment |
| first_name | varchar(45) | YES  |     | NULL    |                |
| last_name  | varchar(45) | YES  |     | NULL    |                |
| email      | varchar(45) | YES  |     | NULL    |                |
| password   | varchar(16) | YES  |     | NULL    |                |
+------------+-------------+------+-----+---------+----------------+
5 rows in set (0.00 sec)

MySQL [udacity]> select * from musicians;
+----+------------+------------+------------------+----------+
| id | first_name | last_name  | email            | password |
+----+------------+------------+------------------+----------+
|  1 | Louis      | Armstrong  | satchmo@jazz.com | NULL     |
|  2 | Bix        | Beiderbeck | bix@jazz.com     | NULL     |
|  3 | Bix        | Beiderbeck | bix@jazz.com     | NULL     |
|  4 | Gene       | Krupa      | drums@jazz.com   | NULL     |
|  5 | Max        | Roach      | max@jazz.com     | NULL     |
+----+------------+------------+------------------+----------+
5 rows in set (0.00 sec)

MySQL [udacity]> INSERT INTO musicians (id, first_name, last_name, email, password) VALUES (null, 'Jaco', 'Pastorious', 'bass@jazz.com', null);
Query OK, 1 row affected (0.01 sec)

MySQL [udacity]> select * from musicians;
+----+------------+------------+------------------+----------+
| id | first_name | last_name  | email            | password |
+----+------------+------------+------------------+----------+
|  1 | Louis      | Armstrong  | satchmo@jazz.com | NULL     |
|  2 | Bix        | Beiderbeck | bix@jazz.com     | NULL     |
|  3 | Bix        | Beiderbeck | bix@jazz.com     | NULL     |
|  4 | Gene       | Krupa      | drums@jazz.com   | NULL     |
|  5 | Max        | Roach      | max@jazz.com     | NULL     |
|  6 | Jaco       | Pastorious | bass@jazz.com    | NULL     |
+----+------------+------------+------------------+----------+
6 rows in set (0.00 sec)

MySQL [udacity]> exit
Bye
[ec2-user@ip-192-168-10-172 ~]$ 